{
  "accuracy": 0.8104,
  "precision": 0.8108777071198687,
  "recall": 0.8104,
  "f1_score": 0.8103271352722862,
  "confusion_matrix": [
    [
      1977,
      523
    ],
    [
      425,
      2075
    ]
  ],
  "classification_report": "              precision    recall  f1-score   support\n\n           0       0.82      0.79      0.81      2500\n           1       0.80      0.83      0.81      2500\n\n    accuracy                           0.81      5000\n   macro avg       0.81      0.81      0.81      5000\nweighted avg       0.81      0.81      0.81      5000\n"
}