{
  "accuracy": 0.781,
  "precision": 0.8119373899757532,
  "recall": 0.781,
  "f1_score": 0.793941185770751,
  "confusion_matrix": [
    [
      282,
      53,
      33
    ],
    [
      56,
      99,
      73
    ],
    [
      53,
      170,
      1181
    ]
  ]
}