{
  "accuracy": 0.8894,
  "precision": 0.8898296858729565,
  "recall": 0.8894,
  "f1_score": 0.8893695146634607,
  "confusion_matrix": [
    [
      2182,
      318
    ],
    [
      235,
      2265
    ]
  ],
  "classification_report": "              precision    recall  f1-score   support\n\n           0       0.90      0.87      0.89      2500\n           1       0.88      0.91      0.89      2500\n\n    accuracy                           0.89      5000\n   macro avg       0.89      0.89      0.89      5000\nweighted avg       0.89      0.89      0.89      5000\n"
}